{
    "name": "root",
    "gauges": {
        "Robotarm.Policy.Entropy.mean": {
            "value": 0.2628878057003021,
            "min": 0.2628878057003021,
            "max": 1.4224662780761719,
            "count": 100
        },
        "Robotarm.Environment.EpisodeLength.mean": {
            "value": 58.238434163701065,
            "min": 0.34371473101520933,
            "max": 395.0236220472441,
            "count": 100
        },
        "Robotarm.Policy.ExtrinsicValueEstimate.mean": {
            "value": 12.922576904296875,
            "min": -9.991837501525879,
            "max": 24.476882934570312,
            "count": 100
        },
        "Robotarm.Environment.CumulativeReward.mean": {
            "value": 52.93626135460423,
            "min": -88.64461670731599,
            "max": 54.53802124995052,
            "count": 100
        },
        "Robotarm.Policy.ExtrinsicReward.mean": {
            "value": 52.93626135460423,
            "min": -88.64461670731599,
            "max": 54.53802124995052,
            "count": 100
        },
        "Robotarm.Losses.PolicyLoss.mean": {
            "value": 0.06718866844352035,
            "min": 0.0643076056795111,
            "max": 0.07253005615402963,
            "count": 100
        },
        "Robotarm.Losses.ValueLoss.mean": {
            "value": 177.01196586333955,
            "min": 2.9997738926838613,
            "max": 723.4516701514261,
            "count": 100
        },
        "Robotarm.Policy.LearningRate.mean": {
            "value": 1.4964443660832447e-06,
            "min": 1.4964443660832447e-06,
            "max": 0.0002984669689320632,
            "count": 100
        },
        "Robotarm.Policy.Epsilon.mean": {
            "value": 0.10049878162162162,
            "min": 0.10049878162162162,
            "max": 0.19948898947368424,
            "count": 100
        },
        "Robotarm.Policy.Beta.mean": {
            "value": 3.488920291891894e-05,
            "min": 3.488920291891894e-05,
            "max": 0.004974500574736843,
            "count": 100
        },
        "Robotarm.IsTraining.mean": {
            "value": 1.0,
            "min": 1.0,
            "max": 1.0,
            "count": 100
        }
    },
    "metadata": {
        "timer_format_version": "0.1.0",
        "start_time_seconds": "1610170572",
        "python_version": "3.7.9 (default, Aug 31 2020, 17:10:11) [MSC v.1916 64 bit (AMD64)]",
        "command_line_arguments": "C:\\Users\\RemyS\\anaconda3\\envs\\mlagents\\Scripts\\mlagents-learn ./trainer_config.yaml --run-id rdesktop_run_001",
        "mlagents_version": "0.23.0",
        "mlagents_envs_version": "0.23.0",
        "communication_protocol_version": "1.3.0",
        "pytorch_version": "1.7.1",
        "numpy_version": "1.18.5",
        "end_time_seconds": "1610176706"
    },
    "total": 6134.2037388,
    "count": 1,
    "self": 0.01319119999971008,
    "children": {
        "run_training.setup": {
            "total": 0.011078999999999839,
            "count": 1,
            "self": 0.011078999999999839
        },
        "TrainerController.start_learning": {
            "total": 6134.1794686,
            "count": 1,
            "self": 12.253951299980145,
            "children": {
                "TrainerController._reset_env": {
                    "total": 17.464349300000002,
                    "count": 1,
                    "self": 17.464349300000002
                },
                "TrainerController.advance": {
                    "total": 6104.401964300019,
                    "count": 548608,
                    "self": 6.721972799747164,
                    "children": {
                        "env_step": {
                            "total": 6097.679991500272,
                            "count": 548608,
                            "self": 5209.195398699891,
                            "children": {
                                "SubprocessEnvManager._take_step": {
                                    "total": 881.881558900105,
                                    "count": 548608,
                                    "self": 25.023419200200237,
                                    "children": {
                                        "TorchPolicy.evaluate": {
                                            "total": 856.8581396999048,
                                            "count": 416733,
                                            "self": 314.90530899970486,
                                            "children": {
                                                "TorchPolicy.sample_actions": {
                                                    "total": 541.9528307001999,
                                                    "count": 416733,
                                                    "self": 541.9528307001999
                                                }
                                            }
                                        }
                                    }
                                },
                                "workers": {
                                    "total": 6.603033900276085,
                                    "count": 548608,
                                    "self": 0.0,
                                    "children": {
                                        "worker_root": {
                                            "total": 6105.023018100085,
                                            "count": 548608,
                                            "is_parallel": true,
                                            "self": 1811.9235377003642,
                                            "children": {
                                                "steps_from_proto": {
                                                    "total": 0.0006117999999997181,
                                                    "count": 1,
                                                    "is_parallel": true,
                                                    "self": 0.00013509999999961053,
                                                    "children": {
                                                        "_process_vector_observation": {
                                                            "total": 0.0004767000000001076,
                                                            "count": 2,
                                                            "is_parallel": true,
                                                            "self": 0.0004767000000001076
                                                        }
                                                    }
                                                },
                                                "UnityEnvironment.step": {
                                                    "total": 4293.098868599721,
                                                    "count": 548608,
                                                    "is_parallel": true,
                                                    "self": 54.55818159961291,
                                                    "children": {
                                                        "UnityEnvironment._generate_step_input": {
                                                            "total": 86.23258250020635,
                                                            "count": 548608,
                                                            "is_parallel": true,
                                                            "self": 86.23258250020635
                                                        },
                                                        "communicator.exchange": {
                                                            "total": 4030.832800200076,
                                                            "count": 548608,
                                                            "is_parallel": true,