{
    "name": "root",
    "gauges": {
        "Robotarm.Policy.Entropy.mean": {
            "value": 0.20864640176296234,
            "min": 0.20864640176296234,
            "max": 1.4253270626068115,
            "count": 200
        },
        "Robotarm.Environment.EpisodeLength.mean": {
            "value": 5.784576586142819,
            "min": 0.5498930531014601,
            "max": 28.396428571428572,
            "count": 200
        },
        "Robotarm.Policy.ExtrinsicValueEstimate.mean": {
            "value": -1.2885711193084717,
            "min": -19.14560317993164,
            "max": 6.561755657196045,
            "count": 200
        },
        "Robotarm.Environment.CumulativeReward.mean": {
            "value": -1.7620701424710385,
            "min": -46.82708603532695,
            "max": 12.824003455628864,
            "count": 200
        },
        "Robotarm.Policy.ExtrinsicReward.mean": {
            "value": -1.7620701424710385,
            "min": -46.82708603532695,
            "max": 12.824003455628864,
            "count": 200
        },
        "Robotarm.Losses.PolicyLoss.mean": {
            "value": 0.04637742229253426,
            "min": 0.043954689522442886,
            "max": 0.056418933625096354,
            "count": 200
        },
        "Robotarm.Losses.ValueLoss.mean": {
            "value": 94.35675446025112,
            "min": 3.7869957693836143,
            "max": 1189.5027752792626,
            "count": 200
        },
        "Robotarm.Policy.LearningRate.mean": {
            "value": 7.212729175036815e-07,
            "min": 7.212729175036815e-07,
            "max": 0.0002992152018405468,
            "count": 200
        },
        "Robotarm.Policy.Epsilon.mean": {
            "value": 0.10024039105263158,
            "min": 0.10024039105263158,
            "max": 0.1997384005263158,
            "count": 200
        },
        "Robotarm.Policy.Beta.mean": {
            "value": 2.199551352631575e-05,
            "min": 2.199551352631575e-05,
            "max": 0.004986946186263158,
            "count": 200
        },
        "Robotarm.IsTraining.mean": {
            "value": 1.0,
            "min": 1.0,
            "max": 1.0,
            "count": 200
        }
    },
    "metadata": {
        "timer_format_version": "0.1.0",
        "start_time_seconds": "1610531302",
        "python_version": "3.7.9 (default, Aug 31 2020, 17:10:11) [MSC v.1916 64 bit (AMD64)]",
        "command_line_arguments": "C:\\Users\\RemyS\\anaconda3\\envs\\mlagents\\Scripts\\mlagents-learn ./trainer_config.yaml --run-id rdesktop__run_002",
        "mlagents_version": "0.23.0",
        "mlagents_envs_version": "0.23.0",
        "communication_protocol_version": "1.3.0",
        "pytorch_version": "1.7.1",
        "numpy_version": "1.18.5",
        "end_time_seconds": "1610541904"
    },
    "total": 10602.076399299998,
    "count": 1,
    "self": 0.008900199998606695,
    "children": {
        "run_training.setup": {
            "total": 0.00769030000000015,
            "count": 1,
            "self": 0.00769030000000015
        },
        "TrainerController.start_learning": {
            "total": 10602.059808799999,
            "count": 1,
            "self": 31.911416099161215,
            "children": {
                "TrainerController._reset_env": {
                    "total": 12.175649900000002,
                    "count": 1,
                    "self": 12.175649900000002
                },
                "TrainerController.advance": {
                    "total": 10557.902812900838,
                    "count": 1560117,
                    "self": 17.353193101705983,
                    "children": {
                        "env_step": {
                            "total": 10540.549619799132,
                            "count": 1560117,
                            "self": 8632.189015900047,
                            "children": {
                                "SubprocessEnvManager._take_step": {
                                    "total": 1890.8934874994118,
                                    "count": 1560117,
                                    "self": 46.69270889955692,
                                    "children": {
                                        "TorchPolicy.evaluate": {
                                            "total": 1844.2007785998549,
                                            "count": 833395,
                                            "self": 645.4734476003077,
                                            "children": {
                                                "TorchPolicy.sample_actions": {
                                                    "total": 1198.7273309995471,
                                                    "count": 833395,
                                                    "self": 1198.7273309995471
                                                }
                                            }
                                        }
                                    }
                                },
                                "workers": {
                                    "total": 17.467116399673962,
                                    "count": 1560117,
                                    "self": 0.0,
                                    "children": {
                                        "worker_root": {
                                            "total": 10556.78093729971,
                                            "count": 1560117,
                                            "is_parallel": true,
                                            "self": 4477.446804100199,
                                            "children": {
                                                "steps_from_proto": {
                                                    "total": 0.0004895999999998679,
                                                    "count": 1,
                                                    "is_parallel": true,
                                                    "self": 8.359999999818513e-05,
                                                    "children": {
                                                        "_process_vector_observation": {
                                                            "total": 0.0004060000000016828,
                                                            "count": 2,
                                                            "is_parallel": true,
                                                            "self": 0.0004060000000016828
                                                        }
                                                    }
                                                },
                                                "UnityEnvironment.step": {
                                                    "total": 6079.333643599512,
                                                    "count": 1560117,
                                                    "is_parallel": true,
                                                    "self": 137.69074249959613,
                                                    "children": {
                                                        "UnityEnvironment._generate_step_input": {
                                                            "total": 165.05254719946117,
                                                            "count": 1560117,
                                                            "is_parallel": true,
                                                            "self": 165.05254719946117
                                                        },
                                                        "communicator.exchange": {
                                                            "total": 5486.630619100244,
                                                            "count": 1560117,