{
    "name": "root",
    "gauges": {
        "Robotarm.Policy.Entropy.mean": {
            "value": 1.295384168624878,
            "min": 1.295384168624878,
            "max": 1.435149908065796,
            "count": 4
        },
        "Robotarm.Environment.EpisodeLength.mean": {
            "value": 2.5461773266131895,
            "min": 0.5753269261068221,
            "max": 11.186556259132976,
            "count": 4
        },
        "Robotarm.Policy.ExtrinsicValueEstimate.mean": {
            "value": -0.5256685614585876,
            "min": -24.178327560424805,
            "max": -0.5256685614585876,
            "count": 4
        },
        "Robotarm.Environment.CumulativeReward.mean": {
            "value": 0.17400171035464773,
            "min": -32.84341263234164,
            "max": 0.17400171035464773,
            "count": 4
        },
        "Robotarm.Policy.ExtrinsicReward.mean": {
            "value": 0.17400171035464773,
            "min": -32.84341263234164,
            "max": 0.17400171035464773,
            "count": 4
        },
        "Robotarm.Losses.PolicyLoss.mean": {
            "value": 0.06998457076421657,
            "min": 0.06584032632910015,
            "max": 0.06998457076421657,
            "count": 4
        },
        "Robotarm.Losses.ValueLoss.mean": {
            "value": 13.226725346163697,
            "min": 7.380451604545626,
            "max": 1235.6108181140346,
            "count": 4
        },
        "Robotarm.Policy.LearningRate.mean": {
            "value": 0.0002894988050793468,
            "min": 0.0002894988050793468,
            "max": 0.0002984847605050799,
            "count": 4
        },
        "Robotarm.Policy.Epsilon.mean": {
            "value": 0.19649960052631582,
            "min": 0.19649960052631582,
            "max": 0.19949492,
            "count": 4
        },
        "Robotarm.Policy.Beta.mean": {
            "value": 0.004825330066263157,
            "min": 0.004825330066263157,
            "max": 0.004974796508000001,
            "count": 4
        },
        "Robotarm.IsTraining.mean": {
            "value": 1.0,
            "min": 1.0,
            "max": 1.0,
            "count": 4
        }
    },
    "metadata": {
        "timer_format_version": "0.1.0",
        "start_time_seconds": "1610151201",
        "python_version": "3.7.9 (default, Aug 31 2020, 17:10:11) [MSC v.1916 64 bit (AMD64)]",
        "command_line_arguments": "C:\\Users\\kivan\\anaconda3\\envs\\unity-agents\\Scripts\\mlagents-learn ./trainer_config.yaml --run-id ra_01",
        "mlagents_version": "0.23.0",
        "mlagents_envs_version": "0.23.0",
        "communication_protocol_version": "1.3.0",
        "pytorch_version": "1.7.1",
        "numpy_version": "1.18.5",
        "end_time_seconds": "1610151512"
    },
    "total": 310.8222892,
    "count": 1,
    "self": 0.007144600000060564,
    "children": {
        "run_training.setup": {
            "total": 0.011340899999999987,
            "count": 1,
            "self": 0.011340899999999987
        },
        "TrainerController.start_learning": {
            "total": 310.80380369999995,
            "count": 1,
            "self": 0.8356401000007736,
            "children": {
                "TrainerController._reset_env": {
                    "total": 12.552272299999998,
                    "count": 1,
                    "self": 12.552272299999998
                },
                "TrainerController.advance": {
                    "total": 297.2908519999992,
                    "count": 36537,
                    "self": 0.4479404000036311,
                    "children": {
                        "env_step": {
                            "total": 296.84291159999555,
                            "count": 36537,
                            "self": 249.42661689999153,
                            "children": {
                                "SubprocessEnvManager._take_step": {
                                    "total": 46.99307069999859,
                                    "count": 36537,
                                    "self": 1.2112697000005284,
                                    "children": {
                                        "TorchPolicy.evaluate": {
                                            "total": 45.78180099999806,
                                            "count": 19624,
                                            "self": 14.517664099996047,
                                            "children": {
                                                "TorchPolicy.sample_actions": {
                                                    "total": 31.264136900002015,
                                                    "count": 19624,
                                                    "self": 31.264136900002015
                                                }
                                            }
                                        }
                                    }
                                },
                                "workers": {
                                    "total": 0.4232240000054244,
                                    "count": 36536,
                                    "self": 0.0,
                                    "children": {
                                        "worker_root": {
                                            "total": 299.2189085999961,
                                            "count": 36536,
                                            "is_parallel": true,
                                            "self": 155.2096599999969,
                                            "children": {
                                                "steps_from_proto": {
                                                    "total": 0.0007780000000003895,
                                                    "count": 1,
                                                    "is_parallel": true,
                                                    "self": 0.0001241000000007375,
                                                    "children": {
                                                        "_process_vector_observation": {
                                                            "total": 0.000653899999999652,
                                                            "count": 2,
                                                            "is_parallel": true,
                                                            "self": 0.000653899999999652
                                                        }
                                                    }
                                                },
                                                "UnityEnvironment.step": {
                                                    "total": 144.0084705999992,
                                                    "count": 36536,
                                                    "is_parallel": true,
                                                    "self": 3.6337933000002636,
                                                    "children": {
                                                        "UnityEnvironment._generate_step_input": {
                                                            "total": 4.237969199995328,
                                                            "count": 36536,
                                                            "is_parallel": true,
                                                            "self": 4.237969199995328
                                                        },
                                                        "communicator.exchange": {
                                                            "total": 128.55015080000172,
                                                            "count": 36536,
                                                            "is_parallel": true,